{"cameraMode":{"drawMode":0,"name":"Shaded","section":"Shading Mode"},"sceneLighting":false,"audioPlay":false,"sceneViewState":{"m_AlwaysRefresh":false,"showFog":true,"showSkybox":false,"showFlares":true,"showImageEffects":true,"showParticleSystems":true,"showVisualEffectGraphs":true,"m_FxEnabled":true},"in2DMode":false,"pivot":{"x":-2.549999952316284,"y":0.5477957725524902,"z":-1.586475133895874},"rotation":{"x":0.01274943258613348,"y":0.9591576457023621,"z":-0.27944087982177737,"w":0.04340754821896553},"size":0.9695711731910706,"orthographic":false}