{"cameraMode":{"drawMode":0,"name":"Shaded","section":"Shading Mode"},"sceneLighting":false,"audioPlay":false,"sceneViewState":{"m_AlwaysRefresh":false,"showFog":true,"showSkybox":false,"showFlares":true,"showImageEffects":true,"showParticleSystems":true,"showVisualEffectGraphs":true,"m_FxEnabled":true},"in2DMode":false,"pivot":{"x":0.8401356935501099,"y":0.6698219180107117,"z":0.3772994875907898},"rotation":{"x":-0.21008822321891786,"y":0.5782884955406189,"z":-0.15722903609275819,"w":-0.7725757360458374},"size":0.9695711731910706,"orthographic":false}