{"cameraMode":{"drawMode":0,"name":"Shaded","section":"Shading Mode"},"sceneLighting":true,"audioPlay":false,"sceneViewState":{"m_AlwaysRefresh":false,"showFog":true,"showSkybox":true,"showFlares":true,"showImageEffects":true,"showParticleSystems":true,"showVisualEffectGraphs":true,"m_FxEnabled":true},"in2DMode":false,"pivot":{"x":18.267227172851564,"y":6.8795270919799809,"z":27.635549545288087},"rotation":{"x":0.01274943258613348,"y":0.9591576457023621,"z":-0.27944087982177737,"w":0.04340754821896553},"size":19.42139434814453,"orthographic":false}