{"cameraMode":{"drawMode":0,"name":"Shaded","section":"Shading Mode"},"sceneLighting":true,"audioPlay":false,"sceneViewState":{"m_AlwaysRefresh":false,"showFog":true,"showSkybox":true,"showFlares":true,"showImageEffects":true,"showParticleSystems":true,"showVisualEffectGraphs":true,"m_FxEnabled":true},"in2DMode":false,"pivot":{"x":-4.731902599334717,"y":-10.062411308288575,"z":20.2195987701416},"rotation":{"x":0.23226110637187959,"y":-0.10598737746477127,"z":0.025375263765454294,"w":0.9665824174880981},"size":13.942914009094239,"orthographic":false}