{"cameraMode":{"drawMode":0,"name":"Shaded","section":"Shading Mode"},"sceneLighting":true,"audioPlay":false,"sceneViewState":{"m_AlwaysRefresh":false,"showFog":true,"showSkybox":true,"showFlares":true,"showImageEffects":true,"showParticleSystems":true,"showVisualEffectGraphs":true,"m_FxEnabled":true},"in2DMode":false,"pivot":{"x":-25.11254119873047,"y":29.493913650512697,"z":-15.336776733398438},"rotation":{"x":-0.14971281588077546,"y":0.45725786685943606,"z":-0.07840258628129959,"w":-0.8731686472892761},"size":0.903203010559082,"orthographic":false}